Workbook

Sheet Sheet1
A1: Key | B1: Russian | C1: English
A2: about.Text | B2: Цель этого приложения - помочь вам сосредоточиться на своих задачах. Оно основано на Технике Помидора. Техника Помидора - это метод тайм-менеджмента, разработанный Франческо Чирилло в конце 1980-х годов. В этой технике используется таймер, чтобы разбить работу на интервалы, обычно продолжительностью 25 минут, разделенные короткими перерывами. Каждый интервал известен как помодоро, от итальянского слова «помидор», в честь кухонного таймера в форме помидора, который Чирилло использовал в университете. В оригинальной технике шесть шагов: 1. Определитесь с задачей, которую необходимо выполнить. 2. Установите таймер помидора (традиционно на 25 минут). 3. Работайте над задачей. 4. Закончите работу, когда зазвонит таймер, и поставьте галочку на листе бумаги. 5. Если у вас меньше четырех отметок, сделайте небольшой перерыв (3-5 минут), а затем вернитесь к шагу 2; в противном случае перейдите к шагу 6. 6. После четырех помидоров сделайте более длительный перерыв (15–30 минут), сбросьте счетчик отметок на ноль и переходите к шагу 1. | C2: =_xlfn.XLOOKUP(A2,Sheet2!A:A,Sheet2!C:C) -> The goal of this application is help you to concentrate on your tasks. It based on Pomodoro Technique. The Pomodoro Technique is a time management method developed by Francesco Cirillo in the late 1980s. The technique uses a timer to break down work into intervals, traditionally 25 minutes in length, separated by short breaks. Each interval is known as a pomodoro, from the Italian word for 'tomato', after the tomato-shaped kitchen timer that Cirillo used as a university student. There are six steps in the original technique: 1. Decide on the task to be done. 2. Set the pomodoro timer (traditionally to 25 minutes). 3. Work on the task. 4. End work when the timer rings and put a checkmark on a piece of paper. 5. If you have fewer than four checkmarks, take a short break (3–5 minutes) and then return to step 2; otherwise continue to step 6. 6. After four pomodoros, take a longer break (15–30 minutes), reset your checkmark count to zero, then go to step 1.
A3: animation_AncientMan | B3: Древний человек | C3: =_xlfn.XLOOKUP(A3,Sheet2!A:A,Sheet2!C:C) -> Ancient Man
A4: AppDisplayName | B4: Сконцентрируйся! | C4: =_xlfn.XLOOKUP(A4,Sheet2!A:A,Sheet2!C:C) -> Concentrate On
A5: bt_continue_context.Text | B5: Продолжить | C5: =_xlfn.XLOOKUP(A5,Sheet2!A:A,Sheet2!C:C) -> Continue
A6: bt_pause_context.Text | B6: Пауза | C6: =_xlfn.XLOOKUP(A6,Sheet2!A:A,Sheet2!C:C) -> Pause
A7: bt_start_context.Text | B7: СТАРТ | C7: =_xlfn.XLOOKUP(A7,Sheet2!A:A,Sheet2!C:C) -> START
A8: bt_stop_context.Text | B8: СТОП | C8: =_xlfn.XLOOKUP(A8,Sheet2!A:A,Sheet2!C:C) -> STOP
A9: concentrate_on_text | B9: Сконцентрируйся! | C9: =_xlfn.XLOOKUP(A9,Sheet2!A:A,Sheet2!C:C) -> Concentrate on!
A10: lbl_IntervalForLongRest.Text | B10: Количество рабочих периодов в цикле | C10: =_xlfn.XLOOKUP(A10,Sheet2!A:A,Sheet2!C:C) -> Work time periods in cycle
A11: lbl_LongRestMinutes.Text | B11: Длинный отдых (минуты) | C11: =_xlfn.XLOOKUP(A11,Sheet2!A:A,Sheet2!C:C) -> Long break (minutes)
A12: lbl_NotificationsWithSound.Text | B12: со звуком | C12: =_xlfn.XLOOKUP(A12,Sheet2!A:A,Sheet2!C:C) -> with sound
A13: lbl_SendNotifications.Text | B13: Отправлять уведомления | C13: =_xlfn.XLOOKUP(A13,Sheet2!A:A,Sheet2!C:C) -> Send notifications
... A26: toggle_send_notificaions.OnContent | B26: Да | C26: =_xlfn.XLOOKUP(A26,Sheet2!A:A,Sheet2!C:C) -> Yes

Sheet Sheet2
A1: about.Text | B1: preserve | C1: The goal of this application is help you to concentrate on your tasks. It based on Pomodoro Technique. The Pomodoro Technique is a time management method developed by Francesco Cirillo in the late 1980s. The technique uses a timer to break down work into intervals, traditionally 25 minutes in length, separated by short breaks. Each interval is known as a pomodoro, from the Italian word for 'tomato', after the tomato-shaped kitchen timer that Cirillo used as a university student. There are six steps in the original technique: 1. Decide on the task to be done. 2. Set the pomodoro timer (traditionally to 25 minutes). 3. Work on the task. 4. End work when the timer rings and put a checkmark on a piece of paper. 5. If you have fewer than four checkmarks, take a short break (3–5 minutes) and then return to step 2; otherwise continue to step 6. 6. After four pomodoros, take a longer break (15–30 minutes), reset your checkmark count to zero, then go to step 1.
A2: animation_AncientMan | B2: preserve | C2: Ancient Man
A3: AppDisplayName | B3: preserve | C3: Concentrate On
A4: bt_continue_context.Text | B4: preserve | C4: Continue
A5: bt_pause_context.Text | B5: preserve | C5: Pause
A6: bt_start_context.Text | B6: preserve | C6: START
A7: bt_stop_context.Text | B7: preserve | C7: STOP
A8: concentrate_on_text | B8: preserve | C8: Concentrate on!
A9: lbl_IntervalForLongRest.Text | B9: preserve | C9: Work time periods in cycle
A10: lbl_LongRestMinutes.Text | B10: preserve | C10: Long break (minutes)
A11: lbl_NotificationsWithSound.Text | B11: preserve | C11: with sound
A12: lbl_SendNotifications.Text | B12: preserve | C12: Send notifications
... A25: toggle_send_notificaions.OnContent | B25: preserve | C25: Yes
